id,group,category,title,old_price,promo_price,discount_pct,price_conflict
170001,მობილურები და აქსესუარები,Smart Watch,Apple Watch Series 11 GPS 42mm Jet Black Aluminium Case with Black Sport Band - S/M (MEQT4RK/A),1199,1049,13,False
170006,მობილურები და აქსესუარები,Smart Watch,Apple Watch Series 11 GPS 42mm Silver Aluminium Case with Purple Fog Sport Band - S/M (MEU64RK/A),1199,1049,13,False
169994,მობილურები და აქსესუარები,Smart Watch,Apple Watch Series 11 GPS 46mm Jet Black Aluminium Case with Black Sport Band - S/M (MEUW4RK/A),1299,1149,12,False
170000,მობილურები და აქსესუარები,Smart Watch,Apple Watch Series 11 GPS 46mm Silver Aluminium Case with Purple Fog Sport Band - M/L (MEVA4RK/A),1299,1149,12,False
169996,მობილურები და აქსესუარები,Smart Watch,Apple Watch Series 11 GPS 46mm Space Grey Aluminium Case with Black Sport Band - S/M (MEV04RK/A),1299,1149,12,False
158097,მობილურები და აქსესუარები,Headphone,Apple AirPods 4 W/O A.N.C. (MXP63ZE/A),369,329,11,False
158099,მობილურები და აქსესუარები,Headphone,Apple AirPods 4 With A.N.C. (MXP93ZE/A),529,489,8,False
147845,მობილურები და აქსესუარები,Headphone,Hoco DEW10 True wireless stereo headset White (6942007617680 / 6942007624879),79,29,63,False
131515,მობილურები და აქსესუარები,Headphone,Hoco DES03 Original Series TWS Wireless Headset White (6931474738035 / 6942007624855),69,19,72,False
163790,მობილურები და აქსესუარები,Headphone,Hoco DES30 True wireless stereo headset White,49,19,61,False
163789,მობილურები და აქსესუარები,Headphone,Hoco DES37 True wireless stereo headset White,49,19,61,False
163793,მობილურები და აქსესუარები,Adapter,Type- C / Hoco DC80 Modern PD45W Single port charger Type-C Black,69,19,72,False
174388,მობილურები და აქსესუარები,Headphone,Hoco EQ34 Plus Rima true wireless ANC BT headset(App) White,39,19,51,False
149715,მობილურები და აქსესუარები,Headphone,Hoco EW33 Interstellar true TWS wireless headset Space gray,99,29,71,False
153701,მობილურები და აქსესუარები,PowerBank,Hoco J87 Tacker PD20W+QC3.0 power bank(10000mAh) Black,39,19,51,False
153467,მობილურები და აქსესუარები,Headphone,Hoco DES03 Plus Original Series TWS Wireless Headset White (With black silicone case),89,29,67,False
153708,მობილურები და აქსესუარები,Adapter,Type- C / Hoco N42 PD45W Elogiado dual-port (2C) charger white,49,29,41,False
122486,მობილურები და აქსესუარები,Headphone,Hoco DW01 BT wireless headphones black (6931474747020 / 6942007624886),49,19,61,False
144250,მობილურები და აქსესუარები,Transmitter,Hoco E70 PD30W+QC3.0 car BT FM transmitter Magic Night,69,29,58,False
163797,მობილურები და აქსესუარები,Adapter,"Type- C / Hoco DC107 Cool dualport PD30W+QC3.0 charger USB-Type-C, USB--A White",59,19,68,False
149731,მობილურები და აქსესუარები,Headphone,Hoco EW55 Trendy true TWS wireless headset Army green,99,49,51,False
170958,მობილურები და აქსესუარები,Headphone,Hoco W65 Happy BT headphones deep space gray,69,39,43,False
174385,მობილურები და აქსესუარები,Headphone,Hoco EQ2 Thought true wireless BT headset(App) White,49,19,61,False
106933,მობილურები და აქსესუარები,Headphone,Hoco W27 Cat ear wireless headphones GREY,69,29,58,False
170975,მობილურები და აქსესუარები,Headphone,Hoco EQ28 Bird true wireless Bt headset midnight black,39,19,51,False
154349,მობილურები და აქსესუარები,Headphone,Hoco W42 Cat ears BT headphones purple grape,59,29,51,False
174380,მობილურები და აქსესუარები,Cable,Hoco X123 Victory 2-in-1 charging cable(C to C+C),19,9,53,False
163795,მობილურები და აქსესუარები,Adapter,Type- C / Hoco PD25W DC71 Precise single port Charger Type-C (w/o Cable) White,29,9,69,False
163798,მობილურები და აქსესუარები,Adapter,Type- C / Hoco DC108 Cool PD20W Single port charger Type-C White,29,9,69,False
135564,მობილურები და აქსესუარები,Speaker,HOCO BS47 Uno sports BT speaker FOC,39,19,51,False
127989,მობილურები და აქსესუარები,Speaker,hoco HC8 Pulsating colorful luminous wireless speaker - Blue,139,49,65,False
174384,მობილურები და აქსესუარები,Headphone,Hoco EQ2 Thought true wireless BT headset(App) Black,49,19,61,False
154350,მობილურები და აქსესუარები,Headphone,Hoco W42 Cat ears BT headphones crystal blue,59,29,51,False
178064,მობილურები და აქსესუარები,Speaker,Celly RED BULL SPEAKER TYRE 16W (RDBSPEAKERTYRE),139,79,43,False
178068,მობილურები და აქსესუარები,Speaker,Celly RED BULL SPEAKER 30W 2x15W (RDBSPEAKER30W),169,99,41,False
178059,მობილურები და აქსესუარები,Speaker,Celly RED BULL WIRELESS STEREO HEADPHONES (RDBHDPRACE),79,49,38,False
172780,მობილურები და აქსესუარები,Smart Watch,Celly - SMARTW 1.96 FABRIC+SIL BAND,119,69,42,False
178061,მობილურები და აქსესუარები,Headphone,Celly RED BULL WIRELESS STEREO HEADPHONES (RDBHDPANC),129,79,39,False
163550,მობილურები და აქსესუარები,Headphone,Celly SOUNDBEAT With ANC & ENC Wireless Headphone White,149,69,54,False
163529,მობილურები და აქსესუარები,Headphone,Celly TIPS1 True Wireless Earphones White,89,39,56,False
178057,მობილურები და აქსესუარები,Headphone,Celly RED BULL TRUE WIRELESS EARBUDS WITH LED DISPLAY (RDBTWSLED),99,69,30,False
163493,მობილურები და აქსესუარები,Headphone,Celly BUZ2 True Wireless Earbuds White,99,39,61,False
163528,მობილურები და აქსესუარები,Headphone,Celly TIPS1 True Wireless Earphones Black,89,39,56,False
163554,მობილურები და აქსესუარები,Headphone,Celly WAVEBEAT Wireless Headphone White,89,39,56,False
178056,მობილურები და აქსესუარები,Headphone,Celly RED BULL True Wireless Earbuds (RDBTWS),69,39,43,False
175257,მობილურები და აქსესუარები,Headphone,Celly AURICOLARE TWS FUNZIONE ENC BLACK,69,39,43,False
139506,მობილურები და აქსესუარები,Mobile Phone Cases,Apple iPhone 14 Plus Silicone Case with MagSafe - Elderberry (MPT93ZM/A),49,29,41,False
164089,მობილურები და აქსესუარები,Mobile Phone Cases,Apple iPhone 16e Silicone Case Winter Blue (MD3Q4ZM/A),99,29,71,False
158171,მობილურები და აქსესუარები,Mobile Phone Cases,Apple iPhone 16 Pro Clear Case with MagSafe (MA7E4ZM/A),179,29,84,False
158160,მობილურები და აქსესუარები,Mobile Phone Cases,Apple iPhone 16 Plus Clear Case with MagSafe (MA7D4ZM/A),99,29,71,False
158166,მობილურები და აქსესუარები,Mobile Phone Cases,Apple iPhone 16 Plus Clear Case with MagSafe - Ultramarine (MYYF3ZM/A),99,29,71,False
145664,მობილურები და აქსესუარები,Mobile Phone Cases,Apple iPhone 15 Plus Silicone Case with MagSafe - Clay (MT133ZM/A),69,29,58,False
158153,მობილურები და აქსესუარები,Mobile Phone Cases,Apple iPhone 16 Silicone Case with MagSafe - Denim (MYY23ZM/A),119,29,76,False
145698,მობილურები და აქსესუარები,Mobile Phone Cases,Apple iPhone 15 Plus FineWoven Case with MagSafe - Pacific Blue (MT4D3ZM/A),69,29,58,False
135206,მობილურები და აქსესუარები,Mobile Phone Cases,Apple iPhone 14 Plus Silicone Case with MagSafe - Midnight (MPT33ZM/A),49,29,41,False
145667,მობილურები და აქსესუარები,Mobile Phone Cases,Apple iPhone 15 Plus Silicone Case with MagSafe - Orange Sorbet (MT173ZM/A),69,29,58,False
145694,მობილურები და აქსესუარები,Mobile Phone Cases,Apple iPhone 15 FineWoven Case with MagSafe - Evergreen (MT3J3ZM/A),69,29,58,False
145655,მობილურები და აქსესუარები,Mobile Phone Cases,Apple iPhone 15 Silicone Case with MagSafe - Storm Blue (MT0N3ZM/A_MXPF3ZM/A),69,29,58,False
145693,მობილურები და აქსესუარები,Mobile Phone Cases,Apple iPhone 15 FineWoven Case with MagSafe - Pacific Blue (MT3G3ZM/A),69,29,58,False
139507,მობილურები და აქსესუარები,Mobile Phone Cases,Apple iPhone 14 Plus Silicone Case with MagSafe - Succulent (MPTC3ZM/A),49,29,41,False
145691,მობილურები და აქსესუარები,Mobile Phone Cases,Apple iPhone 15 FineWoven Case with MagSafe - Taupe (MT3C3ZM/A),69,29,58,False
145699,მობილურები და აქსესუარები,Mobile Phone Cases,Apple iPhone 15 Plus FineWoven Case with MagSafe - Evergreen (MT4F3ZM/A),69,29,58,False
145697,მობილურები და აქსესუარები,Mobile Phone Cases,Apple iPhone 15 Plus FineWoven Case with MagSafe - Mulberry (MT4A3ZM/A),69,29,58,False
145686,მობილურები და აქსესუარები,Mobile Phone Cases,Apple iPhone 15 Clear Case with MagSafe (MT203ZM/A_MXRK3ZM/A),99,29,71,False
158162,მობილურები და აქსესუარები,Mobile Phone Cases,Apple iPhone 16 Plus Clear Case with MagSafe - Denim (MYYA3ZM/A),99,29,71,False
158163,მობილურები და აქსესუარები,Mobile Phone Cases,Apple iPhone 16 Plus Clear Case with MagSafe - Stone Gray (MYYC3ZM/A),99,29,71,False
145666,მობილურები და აქსესუარები,Mobile Phone Cases,Apple iPhone 15 Plus Silicone Case with MagSafe - Guava (MT163ZM/A),69,29,58,False
158155,მობილურები და აქსესუარები,Mobile Phone Cases,Apple iPhone 16 Silicone Case with MagSafe - Plum (MYY43ZM/A),119,29,76,False
158152,მობილურები და აქსესუარები,Mobile Phone Cases,Apple iPhone 16 Silicone Case with MagSafe - Black (MYY13ZM/A),119,29,76,False
145687,მობილურები და აქსესუარები,Mobile Phone Cases,Apple iPhone 15 Plus Clear Case with MagSafe (MT213ZM/A),99,29,71,False
145662,მობილურები და აქსესუარები,Mobile Phone Cases,Apple iPhone 15 Plus Silicone Case with MagSafe - Black (MT103ZM/A),69,29,58,False
158161,მობილურები და აქსესუარები,Mobile Phone Cases,Apple iPhone 16 Plus Clear Case with MagSafe - Black (MYY93ZM/A),99,29,71,False
164090,მობილურები და აქსესუარები,Mobile Phone Cases,Apple iPhone 16e Silicone Case Black (MD3N4ZM/A),99,29,71,False
145661,მობილურები და აქსესუარები,Mobile Phone Cases,Apple iPhone 15 Silicone Case with MagSafe - Winter Blue (MT0Y3ZM/A),69,29,58,False
135211,მობილურები და აქსესუარები,Mobile Phone Cases,Apple iPhone 14 Plus Clear Case with MagSafe (MPU43ZM/A),49,29,41,False
145663,მობილურები და აქსესუარები,Mobile Phone Cases,Apple iPhone 15 Plus Silicone Case with MagSafe - Storm Blue (MT123ZM/A),69,29,58,False
139505,მობილურები და აქსესუარები,Mobile Phone Cases,Apple iPhone 14 Plus Leather Case with MagSafe - Midnight Model (MPP93ZM/A),49,29,41,False
145696,მობილურები და აქსესუარები,Mobile Phone Cases,Apple iPhone 15 Plus FineWoven Case with MagSafe - Taupe (MT473ZM/A),69,29,58,False
158177,მობილურები და აქსესუარები,Mobile Phone Cases,Apple iPhone 16 Pro Silicone Case with MagSafe - Ultramarine (MYYP3ZM/A),119,29,76,False
158164,მობილურები და აქსესუარები,Mobile Phone Cases,Apple iPhone 16 Plus Clear Case with MagSafe - Plum (MYYD3ZM/A),99,29,71,False
145695,მობილურები და აქსესუარები,Mobile Phone Cases,Apple iPhone 15 Plus FineWoven Case with MagSafe - Black (MT423ZM/A),69,29,58,False
145692,მობილურები და აქსესუარები,Mobile Phone Cases,Apple iPhone 15 FineWoven Case with MagSafe - Mulberry (MT3E3ZM/A),69,29,58,False
145659,მობილურები და აქსესუარები,Mobile Phone Cases,Apple iPhone 15 Silicone Case with MagSafe - Orange Sorbet (MT0W3ZM/A),69,29,58,False
158154,მობილურები და აქსესუარები,Mobile Phone Cases,Apple iPhone 16 Silicone Case with MagSafe - Stone Gray (MYY33ZM/A),119,29,76,False
158151,მობილურები და აქსესუარები,Mobile Phone Cases,Apple iPhone 16 Clear Case with MagSafe (MA6A4ZM/A),179,29,84,False
145669,მობილურები და აქსესუარები,Mobile Phone Cases,Apple iPhone 15 Plus Silicone Case with MagSafe - Winter Blue (MT193ZM/A),69,29,58,False
158165,მობილურები და აქსესუარები,Mobile Phone Cases,Apple iPhone 16 Plus Clear Case with MagSafe - Fuchsia (MYYE3ZM/A),99,29,71,False
145665,მობილურები და აქსესუარები,Mobile Phone Cases,Apple iPhone 15 Plus Silicone Case with MagSafe - Light Pink (MT143ZM/A),69,29,58,False
145656,მობილურები და აქსესუარები,Mobile Phone Cases,Apple iPhone 15 Silicone Case with MagSafe - Clay (MT0Q3ZM/A_MXPG3ZM/A),69,29,58,False
145668,მობილურები და აქსესუარები,Mobile Phone Cases,Apple iPhone 15 Plus Silicone Case with MagSafe - Cypress (MT183ZM/A),69,29,58,False
145658,მობილურები და აქსესუარები,Mobile Phone Cases,Apple iPhone 15 Silicone Case with MagSafe - Guava (MT0V3ZM/A),69,29,58,False
171323,მობილურები და აქსესუარები,smartphone,Apple iPhone 17 Pro 512GB Cosmic Orange E-sim/TP,4199,3999,5,False
170903,მობილურები და აქსესუარები,smartphone,Apple iPhone 17 Pro Max 512GB Cosmic Orange E-sim/TP,4549,4399,3,False
170902,მობილურები და აქსესუარები,smartphone,Apple iPhone 17 Pro Max 256GB Cosmic Orange E-sim/TP,3899,3749,4,False
170908,მობილურები და აქსესუარები,smartphone,Apple iPhone 17 256GB White E-sim/TP,2749,2599,5,False
171321,მობილურები და აქსესუარები,smartphone,Apple iPhone 17 256GB Sage E-sim/TP,2749,2599,5,False
171322,მობილურები და აქსესუარები,smartphone,Apple iPhone 17 256GB Mist Blue E-sim/TP,2749,2599,5,False
170901,მობილურები და აქსესუარები,smartphone,Apple iPhone 17 Pro Max 256GB Deep Blue E-sim/TP,3899,3749,4,False
170906,მობილურები და აქსესუარები,smartphone,Apple iPhone 17 Pro 256GB Cosmic Orange E-sim/TP,3549,3449,3,False
170907,მობილურები და აქსესუარები,smartphone,Apple iPhone 17 256GB Black E-sim/TP,2749,2599,5,False
171022,მობილურები და აქსესუარები,smartphone,Apple iPhone 17 Pro Max 256GB Silver E-sim/TP,3899,3749,4,False
170904,მობილურები და აქსესუარები,smartphone,Apple iPhone 17 Pro Max 512GB Deep Blue E-sim/TP,4549,4399,3,False
175610,მობილურები და აქსესუარები,smartphone,Google Pixel 10a 8GB/128GB Obsidian,1319,1249,5,False
172094,მობილურები და აქსესუარები,smartphone,Google Pixel 10 12GB/128GB Obsidian,1849,1599,14,False
175611,მობილურები და აქსესუარები,smartphone,Google Pixel 10a 8GB/256GB Obsidian,1629,1499,8,False
174579,მობილურები და აქსესუარები,smartphone,Google Pixel 10 Pro XL 16GB/256GB Moonstone,2999,2699,10,False
164076,მობილურები და აქსესუარები,smartphone,Honor Magic 7 12GB/256GB Dual Sim 5G Black,2599,1599,38,False
175615,მობილურები და აქსესუარები,smartphone,Nothing Phone 4A Pro 12GB/256GB Black,1849,1699,8,False
175612,მობილურები და აქსესუარები,smartphone,Nothing Phone 4A 12GB/256GB Black,1449,1299,10,False
170131,მობილურები და აქსესუარები,smartphone,Nothing Phone 3 12GB/256GB Black,1899,1599,16,False
175614,მობილურები და აქსესუარები,smartphone,Nothing Phone 4A 8GB/128GB White,1079,949,12,False
176665,მობილურები და აქსესუარები,smartphone,OnePlus Nord 6 12GB/512GB Mint,1549,1399,10,False
176666,მობილურები და აქსესუარები,smartphone,OnePlus Nord 6 8GB/256GB Black,1349,1299,4,False
175129,მობილურები და აქსესუარები,smartphone,OnePlus 15 12GB/256GB Infinite Black,2699,2399,11,False
175128,მობილურები და აქსესუარები,smartphone,OnePlus 15R 12GB/512GB Charcoal Black,1999,1699,15,False
176663,მობილურები და აქსესუარები,smartphone,OnePlus Nord CE 6 8GB/256GB Fresh Blue,1029,949,8,False
176664,მობილურები და აქსესუარები,smartphone,OnePlus Nord CE 6 8GB/256GB Pitch Black,1029,949,8,False
176667,მობილურები და აქსესუარები,smartphone,OPPO Reno 16 12GB/256GB 5G Twilight Violet,1899,1599,16,False
176668,მობილურები და აქსესუარები,smartphone,OPPO A6s Pro 8GB/256GB Eclipse Blue,949,799,16,False
170134,მობილურები და აქსესუარები,smartphone,OPPO Reno 14F 12GB/256GB Luminous Green,1349,499,63,False
164678,მობილურები და აქსესუარები,smartphone,OPPO Find X8 Pro 16GB/512GB Black,3299,2499,24,False
173431,მობილურები და აქსესუარები,smartphone,OPPO Reno 15F 8GB/256GB 5G Aurora Blue,1099,899,18,False
173436,მობილურები და აქსესუარები,smartphone,OPPO Reno 15 12GB/512GB 5G Aurora white,1699,1399,18,False
173434,მობილურები და აქსესუარები,smartphone,OPPO Reno 15F 12GB/512GB 5G Aurora Blue,1299,849,35,False
173432,მობილურები და აქსესუარები,smartphone,OPPO Reno 15F 8GB/256GB 5G Twilight Blue,1099,899,18,False
169492,მობილურები და აქსესუარები,smartphone,Samsung S731B Galaxy S25 FE 5G 8GB/256GB Duos Jet Black,1749,1499,14,False
169494,მობილურები და აქსესუარები,smartphone,Samsung S731B Galaxy S25 FE 5G 8GB/256GB Duos Navy,1749,1499,14,False
121132,თეთრი ტექნიკა,Dryer,"საშრობი Samsung DV90T5240AT/LP - 9KG, Heat Pump, 60x60x85, A+++, White",2299,1529,33,False
174806,თეთრი ტექნიკა,Built-in Dishwasher,EEG69420W BI-DW 60cm 15 Sets 8 Programs Connectivity ExtraHygiene GlassCare XtraPower Internal Light Time beam White 3rd rack MaxiFlex,3059,2199,28,False
154660,თეთრი ტექნიკა,Dishwasher,LG DFB512FP.APZPARA,2299,1499,35,False
167358,თეთრი ტექნიკა,Dishwasher,Electrolux ESF2400OK,1169,899,23,False
171954,თეთრი ტექნიკა,Built-in Dishwasher,AEG FSE94848P 81.8x60x56 14 Set,4049,3299,19,False
167833,თეთრი ტექნიკა,Washing Machine,WW90DG6U34LBLP 9 KG 1400 RPM 85x60x59.5 Inverter Rotary Knob AI Control LCD Display Black,1699,1199,29,False
153879,თეთრი ტექნიკა,Washing Machine,WW11CB944CGHLP 11 KG 1400 RPM 85x60x60 Inverter Rotary Knob Autodispenser AI Control LED Display White,2149,1549,28,False
118901,თეთრი ტექნიკა,Washing Machine,"Washing Machine - Samsung WD10T654CBX/LP - 60x60x85 ,10.5 KG/ 7 KG,1400 RPM,A,Inverter, EcoBubble,AddWash, Steam, Smart, Silver",2899,2099,28,False
163366,თეთრი ტექნიკა,Washing Machine,EW6F3494ACE 9 KG 1400 RPM 84.7x59.7x63.6 PMSM Rotary Knob Autodispenser LED Touch Display White,2359,1799,24,False
172083,თეთრი ტექნიკა,Washing Machine,EWS6406BE,1049,799,24,False
164908,თეთრი ტექნიკა,Refrigerator,C387BFGI Bottom-Freezer 203x59.5x64.8 382 LT NF Inverter Display Crystal Ash Grey,2099,899,57,False
160575,თეთრი ტექნიკა,Refrigerator,P275BFW Bottom-Freezer 182.5x54.5x61.5 275 LT NF Display White,1299,799,38,False
160577,თეთრი ტექნიკა,Refrigerator,C521CDIB Cross-Door 190x83x64.1 521 LT NF Inverter Free-Built-In Matte Blue Glass,2799,1699,39,False
148830,თეთრი ტექნიკა,Refrigerator,RS62R50311L/WT Side-by-Side 178x91.2x71.6 647 LT NF Inverter White,4649,2349,49,False
158942,თეთრი ტექნიკა,Refrigerator,GR-B509FMFW.APYQMER Bottom-Freezer 203x59.5x67.6 446 LT Inverter Display Silver,2699,1599,41,False
141584,თეთრი ტექნიკა,Refrigerator,GN-C732SGGM.ABMQMER Top-Freezer 180x78x70 506 LT NF Inverter Black,3199,2299,28,False
143861,თეთრი ტექნიკა,Refrigerator,GR-RT624WE-PMJ(37) Top-Freezer 188x70x68 463 LT Inverter Morandi Grey,1799,1549,14,False
155826,თეთრი ტექნიკა,Refrigerator,RB34C670EEL/WT Bottom-Freezer 185.3x59.5x65.8 355 LT NF Inverter Display Beige,2749,1749,36,False
158943,თეთრი ტექნიკა,Refrigerator,GR-B509FQFW.AEPQMER Bottom-Freezer 203x59.5x68.2 387 LT NF Inverter Display Black,2699,1799,33,False
161346,თეთრი ტექნიკა,Refrigerator,GR-X267CQEW.AMCQMER Side-by-Side 179x91.3x73.5 617 LT NF Inverter InstaView Dispenser Black,7999,5499,31,False
167836,თეთრი ტექნიკა,Washing Machine,WW80AG6L28WELP 8 KG 1200 RPM 85x60x45 Inverter Rotary Knob Autodispenser AI Control LED Display White,1499,999,33,False
167837,თეთრი ტექნიკა,Washing Machine,WW70AG6S23AXLP 7 KG 1200 RPM 85x60x45 Inverter Rotary Knob AI Control LED Display Inox,1349,849,37,False
153878,თეთრი ტექნიკა,Washing Machine,WW11CG604CLELP 11 KG 1400 RPM 85x60x60 Inverter Rotary Knob AI Control LED Display White,1799,1199,33,False
166653,თეთრი ტექნიკა,Washing Machine,Washing Machine - WD11DG6B85BBLP,2299,1499,35,False
163622,თეთრი ტექნიკა,Refrigerator,RT53DG7A10B1WR Top-Freezer 185.5x79x72.5 528 LT NF Inverter Black,2799,1799,36,False
141905,თეთრი ტექნიკა,Refrigerator,RT42CG6000B1WT Top-Freezer 178.5x70x67.2 411 LT NF Inverter Black,1949,999,49,False
167784,თეთრი ტექნიკა,Refrigerator,RM90F67C1WWR FS Bottom-Freezer 185.3x91.2x73.1 669 LT NF Inverter Clean White Beveraget Center Dispenser,10449,6949,33,False
167596,თეთრი ტექნიკა,Refrigerator,RB50DG602EB1WR Bottom-Freezer 192x75.9x71.1 462 LT NF Inventer Black,2849,1849,35,False
167586,თეთრი ტექნიკა,Refrigerator,RB53DG703ES9WR Bottom-Freezer 203x75.9x71.1 554LT NF Inverter Silver,3099,1999,35,False
165728,თეთრი ტექნიკა,Coffee Press,Sencor SES 4910SS Espresso Machine,749,349,53,False
98856,თეთრი ტექნიკა,Juicer,"Sencor SCJ 1051GR Citrus Juicer, Power input 40 W, 200 x 200 x 150",59,29,51,False
98859,თეთრი ტექნიკა,Kitchen Scale,"Sencor SKS 4004VT Kitchen Scale, Touch control sensors, Practical removable bowl (volume 1000 ml), Weight up to 5 kg (sensitivity 1 g), 2x 1.5 V AAA",79,39,51,False
106212,თეთრი ტექნიკა,Kettle,"Sencor SWK 1720BK Electric Kettle, Volume 1.7L, Central 360° STRIX Connector, Power Input: 2,200W",99,49,51,False
177979,თეთრი ტექნიკა,Air Fryer,SFR 6800SS Air Fryer,399,199,50,False
145329,თეთრი ტექნიკა,Air Fryer,Eectrolux E5AF1-4GB Create 5 Hot Air Fryer,459,229,50,False
153267,თეთრი ტექნიკა,Microwave,"Samsung MS23K3614AK/BW, Solo, 23lt.",449,229,49,False
174876,თეთრი ტექნიკა,Coffee Maker,PHILIPS EP5547/90,5399,2799,48,False
137083,თეთრი ტექნიკა,Grill,SBG 2070SS Contact Grill SENCOR,189,99,48,False
106213,თეთრი ტექნიკა,Kettle,"Sencor SWK 2090BK Electric Kettle, Volume 2.0L, 50-100 °C, Power Input: 2200 W, Central 360°,Glass, Black Line",149,79,47,False
98903,თეთრი ტექნიკა,Hand Blender,"Sencor SHB 5608BK 4 in 1 Hand Blender, TITANIUM QuadBlade Technology, Power Input 1 000 W, Extra Quiet DC Motor, 800 ml Beaker with Lid, 1 250 ml",289,159,45,False
102505,თეთრი ტექნიკა,Kitchen Scale,SKS 4030BK Kitchen Scale,89,49,45,False
140713,თეთრი ტექნიკა,Kettle,Electrolux E7K1-6BP,449,249,45,False
177020,თეთრი ტექნიკა,Coffee Maker,PHILIPS EP4446/70,4599,2599,43,False
174871,თეთრი ტექნიკა,Hand Blender,PHILIPS HR2545/00 Hand Blender,299,169,43,False
172120,თეთრი ტექნიკა,Air Fryer,Russell Hobbs 27680-56/RH Satisfry Dual Basket Air Fry,719,309,57,False
161391,თეთრი ტექნიკა,Air Fryer,Russell Hobbs 26510-56/RH SatisFry Air Large 5L,599,149,75,False
161396,თეთრი ტექნიკა,Air Fryer,Russell Hobbs 27160-56/RH SatisFry Air Medium 4L,499,129,74,False
161378,თეთრი ტექნიკა,Waffle Maker,Russell Hobbs 24620-56/RH Fiesta3in1CakeWaffleDonutMak,279,199,29,False
161390,თეთრი ტექნიკა,Air Fryer,Russell Hobbs 26520-56/RH SatisFry Air&Grill Multi 5.5,749,199,73,False
161383,თეთრი ტექნიკა,Accessories / SDA,Russell Hobbs 28010-56/RH Black S&P Grinders,159,29,82,False
161363,თეთრი ტექნიკა,Sandwich Maker,Russell Hobbs 17888-56/RH 3in1 Panini Sandwich maker,249,49,80,False
140653,თეთრი ტექნიკა,Kettle,Electrolux E3K1-3ST kettle,199,119,40,False
140649,თეთრი ტექნიკა,Kettle,Electrolux E4GK1-4GB kettle,249,149,40,False
153261,თეთრი ტექნიკა,Air Fryer,Electrolux EAF7SB Air Fryer,799,479,40,False
176439,თეთრი ტექნიკა,Coffee Press,Sencor SCC 1000BK Capsule espresso,579,349,40,False
125130,თეთრი ტექნიკა,Blender,Sencor SBL 7570SS,329,199,40,False
173519,თეთრი ტექნიკა,Kitchen Machine,Sencor STM 3741BK,699,429,39,False
106211,თეთრი ტექნიკა,Coffee Grinder,"Sencor SCG 3050SS Coffee Grinder 150W, 104 x 104 x 192 mm",79,49,38,False
102514,თეთრი ტექნიკა,Kettle,Sencor SWK 1785BK Water Kettle,79,49,38,False
123035,თეთრი ტექნიკა,Microwave,SAMSUNG MG30T5018AK/BW,579,379,35,False
124531,თეთრი ტექნიკა,Microwave,SAMSUNG MG23T5018AC/BW,529,349,34,False
80813,თეთრი ტექნიკა,Microwave,"Samsung MG23K3515AK/BW, Microwave, BioCeramic, Grill, 23lt,1250watt, Black",379,269,29,False
155881,თეთრი ტექნიკა,Microwave,"Samsung MS23DG4504AGBW, Black",379,269,29,False
155879,თეთრი ტექნიკა,Microwave,"Samsung MG23DG4524ATBW, Grill, Stainless steel.",429,309,28,False
175702,თეთრი ტექნიკა,AC,TAC-07CPA/SL,899,519,42,False
175703,თეთრი ტექნიკა,AC,TAC-09CPA/SL,949,549,42,False
175704,თეთრი ტექნიკა,AC,TAC-12CHPA/DM,1199,729,39,False
175620,თეთრი ტექნიკა,AC,TAC-09CHSD/ZG11I INDOOR,1299,679,48,False
175623,თეთრი ტექნიკა,AC,TAC-12CHSD/ZG11I INDOOR,1449,749,48,False
175625,თეთრი ტექნიკა,AC,TAC-18CHSD/ZG11I INDOOR,1849,999,46,False
175627,თეთრი ტექნიკა,AC,TAC-24CHSD/ZG11I INDOOR,2299,1229,47,False
175629,თეთრი ტექნიკა,AC,TAC-12CHSD/TPH11I INDOOR,1599,819,49,False
175631,თეთრი ტექნიკა,AC,TAC-18CHSD/TPH11I INDOOR,2099,1149,45,False
175633,თეთრი ტექნიკა,AC,TAC-24CHSD/TPH11I INDOOR,2599,1499,42,False
175635,თეთრი ტექნიკა,AC,TAC-12CHSD/FCI INDOOR,2399,1099,54,False
175637,თეთრი ტექნიკა,AC,TAC-18CHSD/FCI INDOOR,2799,1349,52,False
150395,თეთრი ტექნიკა,AC,TAC-07CHSA/XA73 INDOOR,899,499,44,False
150400,თეთრი ტექნიკა,AC,TAC-09CHSA/XA73 INDOOR,999,599,40,False
150405,თეთრი ტექნიკა,AC,TAC-18CHSA/XA73 INDOOR,1649,829,50,False
150423,თეთრი ტექნიკა,AC,TAC-24CHSA/XA73 INDOOR,2049,1099,46,False
175891,თეთრი ტექნიკა,AC,CS-XZ25CKEW,3299,2199,33,False
175894,თეთრი ტექნიკა,AC,CS-XZ35CKEW,3749,2599,31,False
175896,თეთრი ტექნიკა,AC,CS-XZ50CKEW,4949,3549,28,False
175898,თეთრი ტექნიკა,AC,CS-XZ25CKEW-H,3349,2299,31,False
175899,თეთრი ტექნიკა,AC,CS-XZ35CKEW-H,3799,2599,32,False
175900,თეთრი ტექნიკა,AC,CS-XZ42CKEW-H,4349,3049,30,False
175902,თეთრი ტექნიკა,AC,CS-Z25CKEW,3199,2099,34,False
175903,თეთრი ტექნიკა,AC,CS-Z35CKEW,3599,2449,32,False
175904,თეთრი ტექნიკა,AC,CS-Z50CKEW,4899,3499,29,False
175905,თეთრი ტექნიკა,AC,CS-Z71CKEW,6549,4749,27,False
175907,თეთრი ტექნიკა,AC,CS-TZ25CKEW,2649,1699,36,False
175909,თეთრი ტექნიკა,AC,CS-TZ35CKEW,2899,1899,34,False
175911,თეთრი ტექნიკა,AC,CS-TZ42CKEW,3699,2549,31,False
175913,თეთრი ტექნიკა,AC,CS-TZ50CKEW,4099,2849,30,False
175915,თეთრი ტექნიკა,AC,CS-TZ71CKEW,5199,3749,28,False
175804,თეთრი ტექნიკა,Cooker,OG5040BL,699,449,36,False
175805,თეთრი ტექნიკა,Cooker,OG5040W,699,449,36,False
175800,თეთრი ტექნიკა,Cooker,OE5040BL,749,469,37,False
175803,თეთრი ტექნიკა,Cooker,OE5040W,749,469,37,False
175802,თეთრი ტექნიკა,Cooker,OE5040IX,799,499,38,False
175808,თეთრი ტექნიკა,Cooker,OE6031BL,899,599,33,False
175809,თეთრი ტექნიკა,Cooker,OE6031IX,1099,699,36,False
175806,თეთრი ტექნიკა,Cooker,OE6040BL,999,619,38,False
163178,თეთრი ტექნიკა,Cooker,OE6040W,949,619,35,False
175807,თეთრი ტექნიკა,Cooker,OE6040IX,1149,799,30,False
175811,თეთრი ტექნიკა,Cooker,OE9050BL,1699,1099,35,False
160569,თეთრი ტექნიკა,Built-in Hob,EIV634,1199,899,25,False
166408,თეთრი ტექნიკა,Built-in Hood,NDB6761HB,1449,1049,28,False
168100,თეთრი ტექნიკა,Built-in Hob,KDI951723K,3049,2399,21,False
160572,თეთრი ტექნიკა,Built-in Oven,EOF5F50BX,1199,949,21,False
149877,თეთრი ტექნიკა,Built-in Hob,EIT60443X,1499,1149,23,False
142165,თეთრი ტექნიკა,Built-in Hob,KGG75362K,1599,1199,25,False
140059,თეთრი ტექნიკა,Built-in Oven,EOF5H40BX,1249,949,24,False
163339,თეთრი ტექნიკა,Built-in Oven,EOD6F77H,1649,1249,24,False
100444,თეთრი ტექნიკა,Built-in Microwave,LMS2173EMX,999,749,25,False
142169,თეთრი ტექნიკა,Built-in Hob,KGU643723Z,1399,1049,25,False
101692,თეთრი ტექნიკა,Built-in Oven,KODEH70X,1699,1249,26,False
167882,თეთრი ტექნიკა,Built-in Oven,NBE7P731AT,3249,2499,23,False
167881,თეთრი ტექნიკა,Built-in Oven,NBP9S831AT,5749,4499,22,False
160771,თეთრი ტექნიკა,Built-in Oven,KODEF75X2,1649,1299,21,False
133141,თეთრი ტექნიკა,Built-in Hood,LFG525W,499,379,24,False
167360,თეთრი ტექნიკა,Built-in Oven,NBR7P731SB,3399,2699,21,False
139495,თეთრი ტექნიკა,Built-in Hood,LFP326S,449,359,20,False
167612,თეთრი ტექნიკა,Built-in Hood,LFV326K,1249,999,20,False
139914,თეთრი ტექნიკა,Built-in Hob,KGG643753K,1749,1349,23,False
142162,თეთრი ტექნიკა,Built-in Hob,EGG3322NVX,569,449,21,False
147412,თეთრი ტექნიკა,Built-in Hob,HKB75453NB,2249,1799,20,False
147414,თეთრი ტექნიკა,Built-in Hood,DPB3632S,479,369,23,False
159925,თეთრი ტექნიკა,Gas Cooker,LKK520211W,1569,1199,24,False
147698,თეთრი ტექნიკა,Built-in Hob,EIV734,1899,1449,24,False
115481,თეთრი ტექნიკა,Built-in Hood,DGE5861HM,1499,1099,27,False
132632,თეთრი ტექნიკა,Built-in Hob,GPE363RBK,1649,1249,24,False
168326,თეთრი ტექნიკა,Built-in Microwave,NMS5G25IEM,1249,949,24,False
132631,თეთრი ტექნიკა,Built-in Hood,EFC226V,699,549,21,False
133140,თეთრი ტექნიკა,Built-in Hob,GME363NV,1199,849,29,False
167610,თეთრი ტექნიკა,Built-in Microwave,LMS2203EMK,1049,799,24,False
132628,თეთრი ტექნიკა,Built-in Oven,OPEB2520R,1499,1099,27,False
142159,თეთრი ტექნიკა,Built-in Hood,LFG525S,499,399,20,False
160717,თეთრი ტექნიკა,მტვერსასრუტი,Midea V12 Robot Vacuum Cleaner,2849,1299,54,False
163344,თეთრი ტექნიკა,მტვერსასრუტი,ELECTROLUX ER71UW2SW Robot VC,2999,699,77,False
157220,თეთრი ტექნიკა,მტვერსასრუტი,Shark IW3611EU Electric Broom with Self-Emptying,1199,899,25,False
143144,თეთრი ტექნიკა,სილამაზე და ჯანმრთელობა,BRAUN FI3124PU,169,79,53,False
124369,თეთრი ტექნიკა,უთო,BRAUN SI5037VI,279,89,68,False
113770,თეთრი ტექნიკა,უთო,BRAUN SI3053BL,179,99,45,False
169541,თეთრი ტექნიკა,სილამაზე და ჯანმრთელობა,PHILIPS XP9200/30 SHAVER,1699,799,53,False
119450,თეთრი ტექნიკა,უთო,BRAUN SI5017GR,269,99,63,False
168225,თეთრი ტექნიკა,Window Cleaner,SCW 3001YL window cleaner,249,89,64,False
165839,თეთრი ტექნიკა,სილამაზე და ჯანმრთელობა,Remington MB320C E51 Ceramic Beard Trimmer,169,59,65,False
99689,თეთრი ტექნიკა,კლიმატური ტექნიკა,"Sencor SFN 4031BK Fan, 3-in1 Function, Diameter- 40 cm, 625 x 625 x 1260mm, 50 W",199,29,85,False
157121,თეთრი ტექნიკა,Accessories / SDA,Electrolux ESKW5 Filter for EP71B14WER,89,9,90,False
163271,თეთრი ტექნიკა,სილამაზე და ჯანმრთელობა,Remington HC363C E51 Hair Clipper,199,49,75,False
168086,თეთრი ტექნიკა,უთო,PANASONIC NI-U750ATV,299,129,57,False
167267,თეთრი ტექნიკა,სილამაზე და ჯანმრთელობა,Philips HX7109/01 Tooth-Brush,849,349,59,False
167261,თეთრი ტექნიკა,სილამაზე და ჯანმრთელობა,"PHILIPS BHA530/00 AIRSTYLER 5000 ION, LOUROS",329,99,70,False
149718,თეთრი ტექნიკა,სილამაზე და ჯანმრთელობა,Oral-BiOG3.1A6.0 TCCAR PK Box PTHBR - Pink,499,199,60,False
123321,თეთრი ტექნიკა,კლიმატური ტექნიკა,SENCOR SFH 7017WH FAN HEATER,79,29,63,False
167262,თეთრი ტექნიკა,სილამაზე და ჯანმრთელობა,"PHILIPS BHA715/00 AIRSTYLER 7000 ION, ANTHRACITE",449,129,71,False
153990,თეთრი ტექნიკა,სილამაზე და ჯანმრთელობა,BRAUN XT5100 BLK/METSILV BOX,499,49,90,False
163272,თეთრი ტექნიკა,სილამაზე და ჯანმრთელობა,Remington HC5150 E51 Cord / Cordless Hair Clipper,169,49,71,False
173543,IT,NOTEBOOK,ACER NItro V 15 15.6'' FHD IPS 165 Hz i7-13620H 16GB 512GB SSD RTX 3050 6GB Obsidian black,2899,2599,10,False
176247,IT,NOTEBOOK,"Acer Aspire Lite 16"" WUXGA IPS i7-1355U 16GB 512GB Integrated Intel Graphics",1999,1699,15,False
170434,IT,NOTEBOOK,"ASUS TUF Gaming A16 16"" WUXGA 165Hz Ryzen 7 260 32GB 1TB SSD RTX 5060 8GB DOS Gray",5499,3699,33,False
172009,IT,NOTEBOOK,ASUS TUF Gaming A18 18'' 144Hz Ryzen 7 260 32GB 1TB RTX 5060 8GB Jaeger Gray,5299,3799,28,False
174527,IT,NOTEBOOK,ASUS TUF Gaming A18 18'' FHD+ 144Hz Ryzen 7 260 32GB 1TB RTX 5050 8GB Jaeger Gray,5499,4199,24,False
173309,IT,NOTEBOOK,ASUS TUF Gaming F16 16'' FHD+ 144Hz CORE 5 210H 16GB 512GB RTX 3050 6GB Mecha Gray,3099,2499,19,False
173266,IT,NOTEBOOK,ASUS TUF Gaming F16 16'' FHD+ 165Hz I5-14450HX 32GB 1TB RTX 5060 Jaeger Gray,5299,3699,30,False
173270,IT,NOTEBOOK,ASUS TUF Gaming F16 16'' FHD+ 165Hz I7-14650HX 16GB 1TB RTX 5070 Jaeger Gray,5499,3799,31,False
174887,IT,NOTEBOOK,ASUS TUF Gaming F16 16'' FHD+ 165Hz I7-14650HX 16GB 512GB RTX 5050 Jaeger Gray,3999,3399,15,False
167774,IT,NOTEBOOK,ASUS TUF Gaming F16 16'' FHD+ 165Hz I7-14650HX 32GB 1TB RTX 5050 Jaeger Gray,4999,3699,26,False
167773,IT,NOTEBOOK,ASUS TUF Gaming F16 16'' FHD+ 165Hz I7-14650HX 32GB 1TB RTX 5060 Jaeger Gray,5499,4099,25,False
167932,IT,NOTEBOOK,ASUS TUF Gaming F16 16'' FHD+ 165Hz I7-14650HX 32GB 1TB RTX 5070 Jaeger Gray,5999,4499,25,False
168395,IT,NOTEBOOK,ROG Strix G16 (2025) 16'' 2.5K 240Hz I7-14650HX 32GB 1TB G4 SSD RTX 5060 Eclipse Gray,6499,4699,28,False
171785,IT,NOTEBOOK,ROG Strix G16 (2025) 16'' 2.5K 240Hz I9-14900HX 32GB 1TB G4 SSD RTX 5070 Eclipse Gray,7699,5599,27,False
173267,IT,NOTEBOOK,ROG Strix G16 (2025) 16'' 2.5K 240Hz Ryzen 9 9955HX 32GB 1TB G4 SSD RTX 5060 Eclipse Gray,6499,4499,31,False
174886,IT,NOTEBOOK,ROG Strix G18 (2025) 18'' 2.5K 240Hz I9-14900HX 16GB 1TB G4 SSD RTX 5060 Eclipse Gray,6499,4999,23,False
174888,IT,NOTEBOOK,ROG Strix G18 (2025) 18'' 2.5K 240Hz I9-14900HX 16GB 1TB G4 SSD RTX 5070 Eclipse Gray,7499,5999,20,False
167772,IT,NOTEBOOK,ROG Strix G18 (2025) 18'' 2.5K 240Hz I9-14900HX 32GB 1TB G4 SSD RTX 5060 Eclipse Gray,7299,5199,29,False
169261,IT,NOTEBOOK,TUF A16 16'' FHD+ 165Hz Ryzen 9 8940HX 32GB 1TB SSD RTX 5070 8GB Jaeger Gray,5999,4499,25,False
173264,IT,NOTEBOOK,TUF A16 16'' FHD+ 165Hz Ryzen 9 8940HX 16GB 1TB SSD RTX 5070 8GB Jaeger Gray,5499,4099,25,False
174525,IT,NOTEBOOK,"Zenbook 14"" 3K OLED Ultra 9 285H 32GB 1TB SSD Intel Graphics DOS Silver",5499,4499,18,False
175768,IT,NOTEBOOK,HP OmniBook X Flip x360 16'' 2K OLED Touch Ultra 7-258V 32GB 1TB SSD Intel Arc Graphics Win 11 Home Glacier Silver,5499,4199,24,False
174817,IT,NOTEBOOK,"IdeaPad 1 15.6"" Ryzen 5 7520U 16GB 512GB SSD Radeon Graphics Cloud Grey (82VG00YSRK)",2199,1699,23,False
175304,IT,NOTEBOOK,"Ideapad Slim 5 16"" 2.8K OLED 120Hz Ultra 5 135H 32GB 1TB SSD Integrated Graphics Luna Grey",3799,3199,16,False
171172,IT,NOTEBOOK,"MSI Katana 15 15.6"" QHD 165Hz i9-14900HX 32GB 1TB RTX 5070 (B14WGK)",6499,4999,23,False
151024,IT,Monitor,OMEN by HP 27 inch FHD 165Hz Gaming Monitor,799,499,38,False
174794,IT,Monitor,"Odyssey G5 LS32FG502EIXCI 32"" QHD 2560x1440 IPS 1ms 180Hz",1049,699,33,False
175821,IT,Monitor,"Lenovo L27-45 27"" 1920x1080 IPS 300 cd/m² 144Hz 1ms 3Wx2 speakers Cloud Grey",349,249,29,False
171466,IT,Monitor,"Lenovo Legion 24-10 23.8"" FHD IPS 1920x1080 0.5 ms 300 cd/m² 240Hz Raven Black",499,349,30,False
171689,IT,Monitor,"Lenovo Legion 27-10 27"" IPS 1920x1080 300 cd/m² 0.5ms 240Hz Raven Black",599,449,25,False
174802,IT,Monitor,"TCL 24G54 23.8"" 1920x1080 Mini LED 450 cd/m² 100Hz 5ms",399,299,25,False
174803,IT,Monitor,"TCL 25G64 24.5"" 1920x1080 QD-Mini LED 600 cd/m² 300Hz 1ms",599,449,25,False
174804,IT,Monitor,"TCL 27G64 27"" 2560x1440 QD-Mini LED 600 cd/m² 180Hz 1ms",999,749,25,False
174805,IT,Monitor,"TCL 32G64 31.5"" 2560x1440 QD-Mini LED 600 cd/m² 180Hz 1ms",1199,849,29,False
144328,IT,SSD/HDD,"TUF LC 120 RGB//AIO COOLER,RGB FAN, AURASYNC",229,149,35,False
136517,IT,SSD/HDD,Pure Plus 14 RGB Radiator Fan TT Premium Edition (3-Fan Pack),199,99,50,False
164389,IT,SSD/HDD,SSD PCIE G4 M.2 NVME 500GB GREEN SN3000 WDS500G4G0E WDC,549,399,27,False
148920,IT,SSD/HDD,Acer USB Type-C Docking Station Gen 1 (GP.DCK11.01),449,199,56,False
174895,IT,SSD/HDD,LENOVO PS6S PORTABLE SSD 512GB,339,229,32,False
170626,IT,SSD/HDD,SEAGATE External HDD 1TB STKY1000402 Light Blue,299,199,33,False
162233,IT,SSD/HDD,"Seagate Game Drive 2TB External HDD - USB 3.0, Officially Licensed, Blue LED For PlayStation 5",499,299,40,False
173414,IT,SSD/HDD,Western Digital WD 5TB Elements Portable External Hard Drive,549,399,27,False
145960,IT,SSD/HDD,"Western HDD USB3 4TB EXT. 2.5"" Black WDBU6Y0040BBK-WESN WDC",499,399,20,False
172038,IT,Network,Asus BD4/EU/13/P_EU_UK//WHITE-1-PK/PW,329,199,40,False
133789,IT,Network,"ASUS TUF Gaming AX3000 Dual Band WiFi 6 Gaming Router with dedicated Gaming port, AiMesh for mesh WiFi and AiProtection Pro network securit",449,269,40,False
174181,IT,Network,Asus TUF Gaming AX4200 Dual Band WiFi 6 Gaming Router,449,279,38,False
175958,IT,Network,TP-Link ARCHER AX56 AX3000 Gigabit Wi-Fi 6 Router,199,129,35,False
159144,IT,Network,TP-link Deco BE25(3-pack) BE3600 Whole Home Mesh WiFi 7 System,999,549,45,False
136948,IT,Network,TP-link Deco M4(3-pack) AC1200 Whole Home Mesh Wi-Fi System,389,249,36,False
173206,IT,Network,TP-link Deco X10(2-pack) AX1500 Whole Home Mesh Wi-Fi 6 System,339,249,27,False
153098,IT,Network,TP-link Deco X10(3-pack) AX1500 Whole Home Mesh Wi-Fi 6 System,499,349,30,False
173208,IT,Network,TP-link M7005 4G LTE Mobile Wi-Fi,129,79,39,False
95716,IT,Network,"TP-Link M7350, LTE-Advanced Mobile WiFi",219,149,32,False
136973,IT,Network,TP-Link M7650 600 Mbps LTE-Advanced Mobile Wi-Fi,549,369,33,False
173209,IT,Network,TP-link M8550 5G Mobile Wi-Fi,1099,749,32,False
153101,IT,Network,TP-Link RE305 AC1200 Wi-Fi Range Extender,99,49,51,False
136977,IT,Network,TP-link LS105G 5-Port 10/100/1000Mbps Desktop Network Switch,49,29,41,False
136978,IT,Network,"TP-link LS108G, 8-Port 10/100/1000Mbps Desktop Network Switch",69,39,43,False
157029,IT,Network,Type C Gigabit Ethernet Adapter_20th,59,39,34,False
99976,IT,Notebook Bag,Lenovo 15.6 Laptop Casual Backpack B210 Blue,49,29,41,False
103954,IT,Notebook Bag,Lenovo 15.6 Laptop Casual Toploader T210 Green,49,29,41,False
99992,IT,Notebook Bag,Lenovo 15.6 Laptop Casual Backpack B210 Black,49,29,41,False
99988,IT,Notebook Bag,Lenovo 15.6 Laptop Casual Toploader T210 Black,49,29,41,False
99979,IT,Notebook Bag,Lenovo 15.6 Laptop Casual Backpack B210 Gray,49,29,41,False
99975,IT,Notebook Bag,Lenovo 15.6 Laptop Casual Toploader T210 Grey,49,29,41,False
175229,IT,Headphone,HyperX Cloud Flight 2 - Wireless Gaming Headset (Black),449,299,33,False
160548,IT,Mouse,HyperX Pulsefire Haste 2 Core Wireless - Gaming Mouse (Black),179,119,34,False
174956,IT,Mouse,Asus ROG Harpe II Ace Gaming Mouse Red,519,349,33,False
174958,IT,Mouse,Asus ROG Harpe II Ace Gaming Mouse White,519,349,33,False
169115,IT,Smart Lock,HT22 ჭკვიანი Wi-Fi კარის საკეტი,889,449,49,False
173501,IT,Smart Lock,Tenon D7Pro ჭკვიანი Wi-Fi კარის საკეტი,999,599,40,False
143286,TV & Gaming,Camera,Canon EOS R10 Body Black,3399,1569,54,False
137465,TV & Gaming,Gaming Accessories,Playstation Standart Console Cover PS5 Grey Camo (50074603) /PS5,149,89,40,True
140255,TV & Gaming,Gaming Accessories,Playstation VR2 Sense Controller Charging Station,149,69,54,True
147930,TV & Gaming,Gaming Accessories,Playstation DualSense Edge Wireless Controller White /KIA,699,299,57,True
149516,TV & Gaming,Gaming Accessories,Playstation DualSense Wireless Controller Cobalt Blue,239,109,54,True
157795,TV & Gaming,Gaming Accessories,Playstation Pulse Explore Wireless Earbuds,529,349,34,True
163899,TV & Gaming,Gaming Accessories,Playstation DualSense Wireless Controller Chroma Indigo,239,119,50,True
163909,TV & Gaming,Gaming Accessories,Playstation Pulse Elite Wireless Headset Midnight Black,439,209,52,True
142660,TV & Gaming,Gaming Accessories,Razer Quick Charging Stand for PlayStation®5 – Red – FRML Packaging,149,39,74,True
142661,TV & Gaming,Gaming Accessories,Razer Quick Charging Stand for PlayStation®5 – Blue,149,39,74,True
142662,TV & Gaming,Gaming Accessories,Razer Quick Charging Stand for PlayStation®5 – Purple,179,39,78,True
146512,TV & Gaming,Gaming Accessories,Balance Scooter Foldable Protective Helmet Size M (GP.Bag11.05A ACER),249,109,56,False
169470,TV & Gaming,Gaming Accessories,Sony ULT POWER SOUND series | ULTMIC1 Wireless Microphone 50Hz to 15 000 Hz,489,399,18,False
144480,TV & Gaming,Speaker,EDEN SPEAKER - X-SP145,499,399,20,False
144469,TV & Gaming,Speaker,EDEN SPEAKER - ED-613,219,149,32,False
158687,TV & Gaming,Camera,GoPro HERO12 Black,1149,949,17,False
172086,TV & Gaming,Camera,GoPro HERO13 Black in Forest Green Limited Edition,1349,1099,19,False
172101,TV & Gaming,Camera,GoPro HERO13 Polar White Limited Edition,1349,1099,19,False
163906,TV & Gaming,Gaming Accessories,Playstation DualSense Edge Wireless Controller Midnight Black,699,469,33,False
175942,TV & Gaming,Gaming Accessories,Playstation DualSense Wireless Controller Galactic Purple /KIA,219,179,18,False
158555,TV & Gaming,Gaming Accessories,Playstation DualSense Wireless Controller Galactic Purple /KIA,219,179,18,False
149517,TV & Gaming,Gaming Accessories,Playstation DualSense Wireless Controller Volcanic Red,239,189,21,False
171372,TV & Gaming,Gaming Accessories,Playstation Pulse Elite Wireless Headset White,439,339,23,False
158554,TV & Gaming,Gaming Accessories,Playstation DualSense Wireless Controller Cosmic Red /KIA,219,179,18,False
149236,TV & Gaming,Gaming Accessories,Playstation DualSense Wireless Controller Starlight Blue,219,179,18,False
173441,TV & Gaming,Gaming Accessories,Playstation DualSense Wireless Controller Genshin Impact Limited Edition /KIA,259,199,23,False
173444,TV & Gaming,Gaming Accessories,Playstation DualSense Wireless Controller Midnight Black,229,179,22,False
172097,TV & Gaming,Gaming Accessories,Microsoft Xbox Wireless Controller - Heart Breaker Special Edition,219,179,18,False
154567,TV & Gaming,Gaming Accessories,Playstation Portal Remote Player White /KIA,739,679,8,False
171340,TV & Gaming,Gaming Accessories,Playstation Portal Remote Player White,739,679,8,False
172091,TV & Gaming,Gaming Accessories,Microsoft Xbox Series S 512Gb Digital White,1499,1349,10,False
172090,TV & Gaming,Gaming Accessories,Microsoft Xbox Series S 1Tb Digital White,1699,1539,9,False
162347,TV & Gaming,Gaming Accessories,Meta Quest 3S 128 GB Advanced All-In-One Virtual Reality Headset,1599,1199,25,False
176293,TV & Gaming,Console,Nintendo Switch OLED 64GB White,1099,1059,4,False
154415,TV & Gaming,Camera,Canon EOS RP RF-S 24-105 STM Black,3399,3199,6,False
166563,TV & Gaming,TV,"TV 75""(190cm)/ 75QNED86A6A.AMCN",4199,2999,29,False
166564,TV & Gaming,TV,"TV 65""(165cm)/ 65QNED86A6A.AMCN",2899,1999,31,False
166565,TV & Gaming,TV,"TV 55""(140cm)/ 55QNED86A6A.AMCN",2099,1499,29,False
170993,TV & Gaming,TV,"TV 65""(140cm)/ 65QNED70A6A.AMCN",1999,1399,30,False
168239,TV & Gaming,TV,"TV 55""(140cm)/ 55QNED82A6B.AMCN",1799,1299,28,False
170992,TV & Gaming,TV,"TV 55""(140cm)/ 55QNED70A6A.AMCN",1699,1199,29,False
168238,TV & Gaming,TV,"TV 50""(127cm)/ 50QNED82A6B.AMCN",1449,1099,24,False
166553,TV & Gaming,TV,"TV 43""(109cm)/ 43NANO80A6B.AMCN",1049,799,24,False
166552,TV & Gaming,TV,"LG TV 77""(195cm)/ OLED77B5RLA.AMCN",6999,3499,50,False
168240,TV & Gaming,TV,"TV 65""(140cm)/ 65QNED82A6B.AMCN",1999,1199,40,False
147200,TV & Gaming,Projector,"ViewSonic/ PA700X 4,500 ANSI Lumens XGA Business/Education Projector",1099,599,45,False
161079,TV & Gaming,Projector,"ViewSonic M1S LED WVGA(854x480) 300Lumens 120K:1 3D TR1.2, 25dB noise level(Eco), HDMI x1,USB-C x1, harman/kardon 3W SPK x2 (w/ cube) Built in battery",1299,499,62,False
83364,TV & Gaming,Projector,ViewSonic/ PA503W WXGA 1280x800 3600 ANSI Lmn; CR 22000:1; 5000h/eco: 15000h; TR: 1.55-1.70; Zoom: 1.1x; 27dB; VGA IN: 2; HDMI: 1; Speaker: 2W,1299,499,62,False
86612,TV & Gaming,Projector,"ViewSonic/ PS502X XGA 1024x768 4,000 ANSI Lumens XGA Short Throw Business & Education Projector",1399,599,57,False
163879,TV & Gaming,Sound Bar,Sony Sound Bar HT-A8000,2749,1999,27,False
168010,TV & Gaming,Sound Bar,Sony Sound Bar SA-RS3S Total 100W Additional Wireless Rear Speakers,1049,699,33,False
168011,TV & Gaming,Sound Bar,Sony Sound Bar SA-SW3 200W Additional Wireless Subwoofer,949,699,26,False
170183,TV & Gaming,Sound Bar,Sony Sound Bar HT-A3000 3.1ch Dolby Atmos® Soundbar,2349,1699,28,False
168207,TV & Gaming,Sound Bar,Samsung HW-B650F/RU,799,399,50,False
168208,TV & Gaming,Sound Bar,Samsung HW-B750F/RU,999,499,50,False
141591,TV & Gaming,Sound Bar,"LG S75Q Black 3.1.2ch Sound bar with Dolby Atmos DTS:X, High-Res Audio, Synergy TV, Meridian, HDMI eARC, 4K Pass Thru with Dolby Vision",1049,599,43,False
169809,TV & Gaming,Sound Bar,LG S70TY.AARELLK LG Soundbar for TV with Dolby Atmos® 3.1.1 channel,799,399,50,False
